apellido, nombre, fecha de nacimiento, email
Young, Angus, 1982/10/08, angus@acdc.com
Johnson, Brian, 1975/09/11, brian@acdc.com
Smith, Emily, 1990/05/20, emily.smith@example.com
Garcia, Juan, 1988/03/15, juan.garcia@example.com
Lee, Mei, 1985/11/25, mei.lee@example.com
Kumar, Rajesh, 1983/07/12, rajesh.kumar@example.com
Taylor, Sarah, 1979/01/30, sarah.taylor@example.com
Martinez, Carlos, 1987/09/04, carlos.martinez@example.com
Wang, Wei, 1992/12/18, wei.wang@example.com
Brown, Emma, 1980/04/22, emma.brown@example.com
Chen, Wei, 1976/06/08, wei.chen@example.com
Nguyen, Minh, 1995/08/14, minh.nguyen@example.com
Gonzalez, Maria, 1986/02/10, maria.gonzalez@example.com
Kim, Joon, 1984/10/03, joon.kim@example.com
Jackson, Michael, 1970/07/29, michael.jackson@example.com
Lopez, Sofia, 1993/03/05, sofia.lopez@example.com
Davis, James, 1973/12/09, james.davis@example.com
Rodriguez, Maria, 1981/06/17, maria.rodriguez@example.com
Wilson, David, 1989/02/28, david.wilson@example.com
Gomez, Ana, 1977/11/01, ana.gomez@example.com
Miller, Matthew, 1983/09/23, matthew.miller@example.com
Santos, Laura, 1991/05/07, laura.santos@example.com
Anderson, John, 1978/08/19, john.anderson@example.com
Liu, Wei, 1984/01/14, wei.liu@example.com
Thompson, Jessica, 1986/07/02, jessica.thompson@example.com
Hernandez, Jose, 1980/11/27, jose.hernandez@example.com
White, Olivia, 1994/04/16, olivia.white@example.com
Lee, Seung, 1974/10/31, seung.lee@example.com
Clark, Emily, 1982/06/26, emily.clark@example.com